

insert into address (id, address_line1, address_line2, city, postal_code) values
(1, 'ul. Testowa 1', 'Apt. 1', 'Warszawa', '00-001'),
(2, 'ul. Przykładowa 2', 'Apt. 2', 'Kraków', '30-300'),
(3, 'ul. Nowa 3', 'Apt. 3', 'Gdańsk', '80-800'),
(4, 'ul. Stara 4', 'Apt. 4', 'Wrocław', '50-500'),
(5, 'ul. Zielona 5', 'Apt. 5', 'Poznań', '60-600'),
(6, 'ul. Czerwona 6', 'Apt. 6', 'Katowice', '40-400'),
(7, 'ul. Niebieska 7', 'Apt. 7', 'Łódź', '90-900'),
(8, 'ul. Fioletowa 8', 'Apt. 8', 'Szczecin', '70-700'),
(9, 'ul. Żółta 9', 'Apt. 9', 'Bydgoszcz', '85-850'),
(10, 'ul. Biała 10', 'Apt. 10', 'Lublin', '20-200'),
(11, 'ul. Czarna 11', 'Apt. 11', 'Białystok', '15-150'),
(12, 'ul. Szara 12', 'Apt. 12', 'Gdynia', '81-810'),
(13, 'ul. Brązowa 13', 'Apt. 13', 'Częstochowa', '42-420'),
(14, 'ul. Srebrna 14', 'Apt. 14', 'Radom', '26-260'),
(15, 'ul. Złota 15', 'Apt. 15', 'Sosnowiec', '41-410'),
(16, 'ul. Platynowa 16', 'Apt. 16', 'Toruń', '87-870'),
(17, 'ul. Diamentowa 17', 'Apt. 17', 'Kielce', '25-250'),
(18, 'ul. Rubinowa 18', 'Apt. 18', 'Rzeszów', '35-350'),
(19, 'ul. Szafirowa 19', 'Apt. 19', 'Gliwice', '44-440'),
(20, 'ul. Szmaragdowa 20', 'Apt. 20', 'Zabrze', '41-810'),
(21, 'ul. Topazowa 21', 'Apt. 21', 'Bielsko-Biała', '43-430'),
(22, 'ul. Opalowa 22', 'Apt. 22', 'Olsztyn', '10-100'),
(23, 'ul. Perłowa 23', 'Apt. 23', 'Ruda Śląska', '41-710'),
(24, 'ul. Bursztynowa 24', 'Apt. 24', 'Rybnik', '44-200'),
(25, 'ul. Koralowa 25', 'Apt. 25', 'Tychy', '43-100'),
(26, 'ul. Agatowa 26', 'Apt. 26', 'Dąbrowa Górnicza', '41-300'),
(27, 'ul. Onyksowa 27', 'Apt. 27', 'Płock', '09-400'),
(28, 'ul. Turmalinowa 28', 'Apt. 28', 'Elbląg', '82-300'),
(29, 'ul. Granatowa 29', 'Apt. 29', 'Opole', '45-050'),
(30, 'ul. Malachitowa 30', 'Apt. 30', 'Wałbrzych', '58-300');


insert into doctor (id, doctor_number, email, first_name, last_name, specialization, telephone_number, address_id) values
(1, 'DOC001', 'doc1@example.com', 'Jan', 'Kowalski', 'Kardiologia', '123456789', 1),
(2, 'DOC002', 'doc2@example.com', 'Anna', 'Nowak', 'Dermatologia', '234567890', 2),
(3, 'DOC003', 'doc3@example.com', 'Piotr', 'Wiśniewski', 'Neurologia', '345678901', 3),
(4, 'DOC004', 'doc4@example.com', 'Maria', 'Wójcik', 'Pediatria', '456789012', 4),
(5, 'DOC005', 'doc5@example.com', 'Paweł', 'Kowalczyk', 'Ortopedia', '567890123', 5),
(6, 'DOC006', 'doc6@example.com', 'Ewa', 'Kamińska', 'Ginekologia', '678901234', 6),
(7, 'DOC007', 'doc7@example.com', 'Tomasz', 'Lewandowski', 'Urologia', '789012345', 7),
(8, 'DOC008', 'doc8@example.com', 'Agnieszka', 'Zielińska', 'Endokrynologia', '890123456', 8),
(9, 'DOC009', 'doc9@example.com', 'Michał', 'Szymański', 'Psychiatria', '901234567', 9),
(10, 'DOC010', 'doc10@example.com', 'Barbara', 'Woźniak', 'Reumatologia', '012345678', 10),
(11, 'DOC011', 'doc11@example.com', 'Marek', 'Dąbrowski', 'Okulistyka', '123456780', 11),
(12, 'DOC012', 'doc12@example.com', 'Magdalena', 'Kozłowska', 'Laryngologia', '234567801', 12),
(13, 'DOC013', 'doc13@example.com', 'Andrzej', 'Jankowski', 'Radiologia', '345678910', 13),
(14, 'DOC014', 'doc14@example.com', 'Joanna', 'Mazur', 'Nefrologia', '456789101', 14),
(15, 'DOC015', 'doc15@example.com', 'Krzysztof', 'Włodarczyk', 'Hematologia', '567891012', 15);


INSERT INTO patient (id, date_of_birth, email, first_name, last_name, patient_number, telephone_number, address_id, visit_cost_discount)
VALUES 
(1, '1980-01-01', 'patient1@example.com', 'John', 'Doe', 'P001', '1234567890', 1, null),
(2, '1981-02-02', 'patient2@example.com', 'Jane', 'Doe', 'P002', '2345678901', 2, 20),
(3, '1982-03-03', 'patient3@example.com', 'Jim', 'Doe', 'P003', '3456789012', 3, null),
(4, '1983-04-04', 'patient4@example.com', 'Jake', 'Doe', 'P004', '4567890123', 4, 20),
(5, '1984-05-05', 'patient5@example.com', 'Jill', 'Doe', 'P005', '5678901234', 5, null),
(6, '1985-06-06', 'patient6@example.com', 'Jerry', 'Doe', 'P006', '6789012345', 6, 30),
(7, '1986-07-07', 'patient7@example.com', 'Jenny', 'Doe', 'P007', '7890123456', 7, null),
(8, '1987-08-08', 'patient8@example.com', 'Jess', 'Doe', 'P008', '8901234567', 8, 40),
(9, '1988-09-09', 'patient9@example.com', 'Jules', 'Doe', 'P009', '9012345678', 9, null),
(10, '1989-10-10', 'patient10@example.com', 'Jade', 'Doe', 'P010', '0123456789', 10, 20),
(11, '1990-11-11', 'patient11@example.com', 'Jack', 'Doe', 'P011', '1234567890', 11, 30),
(12, '1991-12-12', 'patient12@example.com', 'Jesse', 'Doe', 'P012', '2345678901', 12, null),
(13, '1992-01-13', 'patient13@example.com', 'Jamie', 'Doe', 'P013', '3456789012', 13, 50),
(14, '1993-02-14', 'patient14@example.com', 'Jordan', 'Doe', 'P014', '4567890123', 14, 20),
(15, '1994-03-15', 'patient15@example.com', 'Julia', 'Doe', 'P015', '5678901234', 15, null),
(16, '1995-04-16', 'patient16@example.com', 'Jasmine', 'Doe', 'P016', '6789012345', 16, 30),
(17, '1996-05-17', 'patient17@example.com', 'Jared', 'Doe', 'P017', '7890123456', 17, null),
(18, '1997-06-18', 'patient18@example.com', 'Jenna', 'Doe', 'P018', '8901234567', 18, 20),
(19, '1998-07-19', 'patient19@example.com', 'Jodie', 'Doe', 'P019', '9012345678', 19, null),
(20, '1999-08-20', 'patient20@example.com', 'Joel', 'Doe', 'P020', '0123456789', 20, 50);

INSERT INTO visit (ID, DESCRIPTION, TIME, DOCTOR_ID, PATIENT_ID)
VALUES 
(1, 'Opis wizyty 1', '2022-01-01 10:00:00', 1, 1),
(2, 'Opis wizyty 2', '2022-01-02 11:00:00', 2, 2),
(3, 'Opis wizyty 3', '2022-01-03 12:00:00', 3, 3),
(4, 'Opis wizyty 4', '2022-01-04 13:00:00', 4, 4),
(5, 'Opis wizyty 5', '2022-01-05 14:00:00', 5, 5),
(6, 'Opis wizyty 6', '2022-01-06 15:00:00', 6, 6),
(7, 'Opis wizyty 7', '2022-01-07 16:00:00', 7, 7),
(8, 'Opis wizyty 8', '2022-01-08 17:00:00', 8, 8),
(9, 'Opis wizyty 9', '2022-01-09 18:00:00', 9, 9),
(10, 'Opis wizyty 10', '2022-01-10 19:00:00', 10, 10),
(11, 'Opis wizyty 11', '2022-01-11 10:00:00', 11, 11),
(12, 'Opis wizyty 12', '2022-01-12 11:00:00', 12, 12),
(13, 'Opis wizyty 13', '2022-01-13 12:00:00', 13, 13),
(14, 'Opis wizyty 14', '2022-01-14 13:00:00', 14, 14),
(15, 'Opis wizyty 15', '2022-01-15 14:00:00', 15, 15),
(16, 'Opis wizyty 16', '2022-01-16 15:00:00', 1, 16),
(17, 'Opis wizyty 17', '2022-01-17 16:00:00', 2, 17),
(18, 'Opis wizyty 18', '2022-01-18 17:00:00', 3, 18),
(19, 'Opis wizyty 19', '2022-01-19 18:00:00', 4, 19),
(20, 'Opis wizyty 20', '2022-01-20 19:00:00', 5, 20),
(21, 'Opis wizyty 21', '2022-01-21 10:00:00', 6, 1),
(22, 'Opis wizyty 22', '2022-01-22 11:00:00', 7, 2),
(23, 'Opis wizyty 23', '2022-01-23 12:00:00', 8, 3),
(24, 'Opis wizyty 24', '2022-01-24 13:00:00', 9, 4),
(25, 'Opis wizyty 25', '2022-01-25 14:00:00', 10, 5),
(26, 'Opis wizyty 26', '2022-01-26 15:00:00', 11, 6),
(27, 'Opis wizyty 27', '2022-01-27 16:00:00', 12, 7),
(28, 'Opis wizyty 28', '2022-01-28 17:00:00', 13, 8),
(29, 'Opis wizyty 29', '2022-01-29 18:00:00', 14, 9),
(30, 'Opis wizyty 30', '2022-01-30 19:00:00', 15, 10);

INSERT INTO medical_treatment (ID, DESCRIPTION, TYPE, VISIT_ID)
VALUES 
(1, 'Leczenie 1', 'Typ A', 1),
(2, 'Leczenie 2', 'Typ B', 2),
(3, 'Leczenie 3', 'Typ C', 3),
(4, 'Leczenie 4', 'Typ D', 4),
(5, 'Leczenie 5', 'Typ E', 5),
(6, 'Leczenie 6', 'Typ F', 6),
(7, 'Leczenie 7', 'Typ G', 7),
(8, 'Leczenie 8', 'Typ H', 8),
(9, 'Leczenie 9', 'Typ I', 9),
(10, 'Leczenie 10', 'Typ J', 10),
(11, 'Leczenie 11', 'Typ K', 11),
(12, 'Leczenie 12', 'Typ L', 12),
(13, 'Leczenie 13', 'Typ M', 13),
(14, 'Leczenie 14', 'Typ N', 14),
(15, 'Leczenie 15', 'Typ O', 15),
(16, 'Leczenie 16', 'Typ P', 16),
(17, 'Leczenie 17', 'Typ Q', 17),
(18, 'Leczenie 18', 'Typ R', 18),
(19, 'Leczenie 19', 'Typ S', 19),
(20, 'Leczenie 20', 'Typ T', 20),
(21, 'Leczenie 21', 'Typ U', 21),
(22, 'Leczenie 22', 'Typ V', 22),
(23, 'Leczenie 23', 'Typ W', 23),
(24, 'Leczenie 24', 'Typ X', 24),
(25, 'Leczenie 25', 'Typ Y', 25),
(26, 'Leczenie 26', 'Typ Z', 26),
(27, 'Leczenie 27', 'Typ A1', 27),
(28, 'Leczenie 28', 'Typ B1', 28),
(29, 'Leczenie 29', 'Typ C1', 29),
(30, 'Leczenie 30', 'Typ D1', 30);